razotajs,modelis,marka,gads,dzinejs,tilpums,nobraukums,cena
Saab,9-5,Saab 9-5,2002,benzīns,2.0,340,800
Renault,Captur,Renault Captur,2014,dīzelis,1.5,158,8990
Bmw,320,Bmw 320,2007,dīzelis,2.0,230,6700
Mercedes,S300,Mercedes S300,1998,dīzelis,3.0,321,5200
Toyota,Corolla Verso,Toyota Corolla Verso,2008,dīzelis,2.2,171,4900
Volkswagen,T5,Volkswagen T5,2006,dīzelis,1.9,238,7250
Bmw,320,Bmw 320,2004,dīzelis,2.0,359,2700
Bmw,730,Bmw 730,2004,dīzelis,3.0,295,4000
Volvo,XC 70,Volvo XC 70,2001,benzīns,2.4,290,2750
Opel,Vectra,Opel Vectra,2007,dīzelis,1.9,302,2150
Audi,A4,Audi A4,2007,benzīns,1.8,234,6400
Audi,A6,Audi A6,2010,dīzelis,2.0,297,7999
Peugeot,5008,Peugeot 5008,2018,dīzelis,2.0,178,24000
Skoda,Fabia,Skoda Fabia,2008,benzīns,1.4,188,3100
Audi,A4,Audi A4,2001,dīzelis,1.9,284,2650
Lexus,IS,Lexus IS,2002,benzīns,2.0,320,3100
Audi,Cabriolet,Audi Cabriolet,2009,dīzelis,2.0,89,7800
Audi,A4,Audi A4,1997,benzīns,1.8,400,350
Nissan,Patrol,Nissan Patrol,2022,dīzelis,3.0,345,3000
Jeep,Cherokee,Jeep Cherokee,2022,dīzelis,2.5,390,3800
Opel,Antara,Opel Antara,2007,dīzelis,2.0,253,3600
Volvo,V60,Volvo V60,2013,dīzelis,2.0,225,9900
Audi,A6,Audi A6,2007,dīzelis,2.7,192,5600
Audi,A3,Audi A3,2008,dīzelis,2.0,274,5400
Bmw,745,Bmw 745,2007,dīzelis,4.5,283,5700
Mitsubishi,Lancer Evolution,Mitsubishi Lancer Evolution,2011,benzīns,2.0,98,25000
Audi,A4,Audi A4,2011,dīzelis,2.7,233,7150
Citroen,Berlingo,Citroen Berlingo,2006,dīzelis,1.6,230,2970
Audi,A6,Audi A6,2005,dīzelis,3.0,350,3200
Volkswagen,Passat (B6),Volkswagen Passat (B6),2008,dīzelis,1.9,335,2000
Opel,Astra,Opel Astra,2007,dīzelis,1.9,305,1890
Bmw,318,Bmw 318,2002,dīzelis,2.0,260,2200
Audi,A5,Audi A5,2017,dīzelis,3.0,152,29000
Bmw,320,Bmw 320,2002,dīzelis,2.0,300,1900
Peugeot,605,Peugeot 605,1994,benzīns,3.0,244,3000
Volvo,V70,Volvo V70,2003,dīzelis,2.5,319,2500
Volkswagen,Jetta,Volkswagen Jetta,2011,dīzelis,1.6,302,5950
Audi,A3,Audi A3,2011,dīzelis,1.6,187,7200
Audi,A4,Audi A4,2017,dīzelis,2.0,244,16200
Volkswagen,Passat (B8),Volkswagen Passat (B8),2020,dīzelis,1.6,195,19999
Volkswagen,Passat (B5),Volkswagen Passat (B5),2005,benzīns,1.8,262,1000
Volkswagen,Tiguan,Volkswagen Tiguan,2010,benzīns,2.0,152,8590
Volkswagen,Passat (B5),Volkswagen Passat (B5),1999,benzīns,1.8,280,1300
Citroen,C5,Citroen C5,2001,dīzelis,2.2,326,1650
Hyundai,i40,Hyundai i40,2017,benzīns,1.6,116,10990
Bmw,X5,Bmw X5,2006,dīzelis,3.0,266,6350
Jeep,Renegade,Jeep Renegade,2020,benzīns,1.3,19,21490
Opel,Meriva,Opel Meriva,2010,dīzelis,1.7,282,3600
Mercedes,C180,Mercedes C180,2011,dīzelis,2.2,260,8200
Volkswagen,Jetta,Volkswagen Jetta,1983,benzīns,1.6,161,5500
Audi,A4,Audi A4,2005,benzīns,2.0,150,3750
Skoda,Superb,Skoda Superb,2009,dīzelis,1.9,358,3900
Audi,A6,Audi A6,2005,dīzelis,1.9,376,2150
Bmw,325,Bmw 325,2007,benzīns,2.5,155,10100
Audi,Cabriolet,Audi Cabriolet,2006,dīzelis,2.0,251,4999
Opel,Astra,Opel Astra,2009,dīzelis,1.9,152,4650
Audi,A3,Audi A3,2004,benzīns,1.6,233,4100
Volkswagen,Vento,Volkswagen Vento,1994,benzīns,1.8,267,600
Volvo,V40,Volvo V40,2003,dīzelis,1.9,279,1399
Ford,Focus,Ford Focus,2010,dīzelis,1.6,299,2200
Vaz,2106,Vaz 2106,1981,benzīns,1.6,24,275
Toyota,Yaris,Toyota Yaris,2006,dīzelis,1.4,259,2950
Bmw,320,Bmw 320,1999,dīzelis,2.0,449,1350
Lexus,NX,Lexus NX,2016,hibrīds,2.5,159,25500
Ford,Mondeo,Ford Mondeo,2005,dīzelis,2.2,340,1100
Bmw,535,Bmw 535,2005,dīzelis,3.5,253,4900
Toyota,Yaris,Toyota Yaris,2007,dīzelis,1.4,215,3155
Jeep,Grand Cherokee,Jeep Grand Cherokee,2005,dīzelis,3.0,262,4500
Ford,Mondeo,Ford Mondeo,2003,benzīns,3.0,229,3990
Volkswagen,Jetta,Volkswagen Jetta,2011,benzīns,2.5,9,6990
Audi,A6,Audi A6,2003,benzīns,2.4,246,1950
Bmw,318,Bmw 318,2007,dīzelis,2.0,289,3850
Suzuki,Vitara,Suzuki Vitara,2019,benzīns,1.4,41,20990
Audi,A6,Audi A6,2009,dīzelis,2.7,335,7500
Lexus,RX,Lexus RX,2007,benzīns,3.5,280,9000
Opel,Insignia,Opel Insignia,2017,dīzelis,2.0,200,13950
Audi,A6,Audi A6,2007,dīzelis,3.0,312,7000
Renault,Master,Renault Master,2004,dīzelis,2.5,335,3100
Hyundai,Terracan,Hyundai Terracan,2002,dīzelis,2.9,225,3600
Skoda,Octavia,Skoda Octavia,2012,dīzelis,1.6,334,4250
Volkswagen,Passat (B8),Volkswagen Passat (B8),2018,dīzelis,2.0,153,21900
Audi,A4,Audi A4,1995,benzīns,1.8,307,850
Toyota,4-Runner,Toyota 4-Runner,1995,dīzelis,2.4,220,7000
Bmw,530,Bmw 530,2008,dīzelis,3.0,390,5250
Peugeot,307,Peugeot 307,2002,dīzelis,2.0,247,1100
Dacia,Logan,Dacia Logan,2014,benzīns,0.9,154,3990
Volvo,XC 90,Volvo XC 90,2006,dīzelis,2.4,260,7700
Toyota,Land Cruiser,Toyota Land Cruiser,2005,dīzelis,3.0,162,11500
Bmw,330,Bmw 330,2003,dīzelis,3.0,227,4250
Skoda,Superb,Skoda Superb,2013,dīzelis,2.0,295,8900
Mercedes,S55 AMG,Mercedes S55 AMG,2004,benzīns,5.5,162,14190
Skoda,Yeti,Skoda Yeti,2010,dīzelis,2.0,231,8950
Kia,RIO,Kia RIO,2018,dīzelis,1.4,101,10950
Peugeot,206,Peugeot 206,2006,benzīns,1.4,180,950
Skoda,Karoq,Skoda Karoq,2020,benzīns,1.5,23,27990
Volkswagen,Polo,Volkswagen Polo,1997,dīzelis,1.9,273,1900
Ford,Fiesta,Ford Fiesta,2009,dīzelis,1.4,351,2300
Bmw,330,Bmw 330,2013,dīzelis,3.0,218,19500
Audi,A4,Audi A4,2003,dīzelis,1.9,295,2300
Bmw,X6,Bmw X6,2016,dīzelis,3.0,66,42900
Seat,Leon,Seat Leon,2010,dīzelis,2.0,277,4300
Bmw,X3,Bmw X3,2019,dīzelis,2.0,180,34900
Audi,A4,Audi A4,2007,dīzelis,2.0,346,3900
Bmw,520,Bmw 520,2003,benzīns,2.0,532,3590
Volvo,XC 90,Volvo XC 90,2006,dīzelis,2.4,242,8200
Bmw,X5,Bmw X5,2008,dīzelis,3.0,284,12890
Honda,Cr-v,Honda Cr-v,2007,benzīns,2.0,112,7900
Audi,100,Audi 100,1987,benzīns,2.2,286,4100
Bmw,530,Bmw 530,2013,dīzelis,3.0,222,16990
Volvo,V70,Volvo V70,2006,dīzelis,2.4,274,3950
Volkswagen,Caddy,Volkswagen Caddy,2011,dīzelis,1.6,240,7670
Volkswagen,Touareg,Volkswagen Touareg,2005,dīzelis,3.0,305,4800
Land Rover,Land Rover,Land Rover Land Rover,2004,dīzelis,3.0,428,7000
Mercedes,E320,Mercedes E320,2006,dīzelis,3.0,306,5750
Toyota,Corolla,Toyota Corolla,2006,dīzelis,1.4,218,3300
Toyota,RAV 4,Toyota RAV 4,2006,benzīns,2.0,158,6450
Volkswagen,Golf 4,Volkswagen Golf 4,2000,dīzelis,1.9,391,900
Skoda,Kodiaq,Skoda Kodiaq,2020,benzīns,2.0,48,37900
Land Rover,Discovery,Land Rover Discovery,2019,dīzelis,2.0,106,25990
Audi,A6,Audi A6,2009,benzīns,3.0,327,6500
Nissan,Qashqai,Nissan Qashqai,2011,dīzelis,2.0,180,8990
Renault,Laguna,Renault Laguna,2000,benzīns,2.0,284,1150
Opel,Astra,Opel Astra,2006,dīzelis,1.9,301,2250
Volvo,XC 90,Volvo XC 90,2006,dīzelis,2.4,290,5990
Audi,A6,Audi A6,1998,benzīns,1.8,361,1490
Audi,A6,Audi A6,2007,dīzelis,2.7,369,4990
Volkswagen,T4,Volkswagen T4,1996,dīzelis,1.9,260,2200
Citroen,C5,Citroen C5,2010,dīzelis,1.6,313,2599
Kia,RIO,Kia RIO,2013,dīzelis,1.1,198,6400
Bmw,X5,Bmw X5,2017,benzīns,3.0,75,37800
Bmw,528,Bmw 528,1998,benzīns,2.8,357,1600
Seat,Toledo,Seat Toledo,2006,dīzelis,1.9,221,1900
Kia,Sportage,Kia Sportage,2016,dīzelis,1.7,142,15500
Volkswagen,Sharan,Volkswagen Sharan,2001,benzīns,2.0,365,1801
Volvo,940,Volvo 940,1994,benzīns,2.0,310,2500
Peugeot,207,Peugeot 207,2008,benzīns,1.4,170,1980
Volkswagen,Transporter,Volkswagen Transporter,1999,dīzelis,2.4,363,2150
Lexus,GS,Lexus GS,2003,benzīns,3.0,407,3100
Seat,Ibiza,Seat Ibiza,2009,dīzelis,1.6,207,4000
Ford,Fiesta,Ford Fiesta,2019,dīzelis,1.5,89,12990
Bmw,X6,Bmw X6,2016,benzīns,4.4,134,49900
Bmw,530,Bmw 530,2006,benzīns,3.0,410,4500
Renault,Espace,Renault Espace,2006,dīzelis,1.9,339,2350
Seat,Leon,Seat Leon,2018,dīzelis,1.6,165,16990
Bmw,320,Bmw 320,2017,dīzelis,2.0,109,23990
Bmw,530,Bmw 530,2005,dīzelis,3.0,341,3700
Mercedes,Sprinter,Mercedes Sprinter,2010,dīzelis,2.2,317,8700
Mercedes,Sprinter,Mercedes Sprinter,2008,dīzelis,2.2,423,5950
Bmw,X6,Bmw X6,2017,dīzelis,4.0,45,55000
Lexus,RX,Lexus RX,2006,hibrīds,3.3,173,8950
Toyota,RAV 4,Toyota RAV 4,2004,dīzelis,2.0,223,3950
Nissan,Almera Tino,Nissan Almera Tino,2003,dīzelis,2.2,324,1250
Toyota,Proace,Toyota Proace,2022,dīzelis,2.0,10,33200
Volvo,C30,Volvo C30,2007,dīzelis,1.6,261,3000
Ford,Mondeo,Ford Mondeo,2008,dīzelis,2.0,287,3650
Bmw,420,Bmw 420,2015,dīzelis,2.0,197,16200
Volkswagen,Golf 4,Volkswagen Golf 4,2000,dīzelis,1.9,360,550
Seat,Ibiza,Seat Ibiza,2009,dīzelis,1.4,226,3700
Saab,9-5,Saab 9-5,2002,dīzelis,3.0,265,650
Porsche,Cayenne,Porsche Cayenne,2010,benzīns,4.8,202,22500
Peugeot,306,Peugeot 306,2000,dīzelis,2.0,281,350
Mazda,CX-3,Mazda CX-3,2017,benzīns,2.0,47,15000
Renault,Scenic,Renault Scenic,2007,dīzelis,1.9,267,2150
Jeep,Grand Cherokee,Jeep Grand Cherokee,2002,dīzelis,2.7,275,3750
Bmw,X6,Bmw X6,2018,dīzelis,3.0,73,52400
Bmw,318,Bmw 318,1999,benzīns,1.9,193,600
Volkswagen,Golf 4,Volkswagen Golf 4,1998,benzīns,1.4,256,1600
Opel,Insignia,Opel Insignia,2017,dīzelis,2.0,129,14000
Ford,Mondeo,Ford Mondeo,2008,dīzelis,2.0,274,3990
Toyota,RAV 4,Toyota RAV 4,2018,hibrīds,2.5,61,27900
Bmw,530,Bmw 530,2004,dīzelis,3.0,382,4750
Fiat,Scudo,Fiat Scudo,2022,dīzelis,2.0,15,34969
Bmw,118,Bmw 118,2001,benzīns,1.8,224,2725
Audi,100,Audi 100,1992,benzīns,2.6,657,1300
Opel,Astra,Opel Astra,2000,dīzelis,2.0,179,1200
Audi,A4,Audi A4,2009,dīzelis,2.0,298,8200
Volkswagen,Touran,Volkswagen Touran,2007,dīzelis,2.0,234,4800
Renault,Scenic,Renault Scenic,2005,dīzelis,1.9,255,1500
Volkswagen,Polo,Volkswagen Polo,2013,dīzelis,1.2,233,5400
Toyota,Avensis,Toyota Avensis,2004,benzīns,1.8,357,2650
Citroen,Berlingo,Citroen Berlingo,2013,benzīns,1.6,124,7500
Audi,A3,Audi A3,2008,dīzelis,2.0,339,6100
Land Rover,Discovery,Land Rover Discovery,2016,dīzelis,2.0,220,17700
Volkswagen,Golf 4,Volkswagen Golf 4,2002,benzīns,1.4,173,1400
Mercedes,E220,Mercedes E220,2016,dīzelis,2.2,216,19000
Porsche,Panamera,Porsche Panamera,2013,benzīns,4.8,105,39900
Audi,A6,Audi A6,2000,dīzelis,1.9,341,880
Audi,A4,Audi A4,2003,dīzelis,1.9,240,1700
Renault,Megane,Renault Megane,1999,benzīns,1.6,220,800
Bmw,315,Bmw 315,1981,benzīns,1.5,250,3000
Bmw,X5,Bmw X5,2004,dīzelis,3.0,268,5000
Vaz,2119,Vaz 2119,2008,benzīns,1.6,97,300
Mercedes,S350,Mercedes S350,2014,dīzelis,3.0,180,43499
Volvo,XC 60,Volvo XC 60,2011,dīzelis,2.4,286,10950
Volvo,V70,Volvo V70,2002,dīzelis,2.4,284,2500
Jeep,Grand Cherokee,Jeep Grand Cherokee,2003,dīzelis,2.7,291,2500
Citroen,Jumper,Citroen Jumper,2018,dīzelis,2.0,114,25500
Bmw,530,Bmw 530,2006,dīzelis,3.0,216,8000
Audi,A4,Audi A4,2005,dīzelis,2.0,306,2800
Volkswagen,Golf 5,Volkswagen Golf 5,2005,benzīns,1.4,257,1616
Volkswagen,Touran,Volkswagen Touran,2010,benzīns,1.4,196,7800
Opel,Corsa,Opel Corsa,2004,dīzelis,1.3,226,1450
Audi,A3,Audi A3,2004,benzīns,1.6,231,3650
Ford,Galaxy,Ford Galaxy,2014,dīzelis,2.0,169,10450
Toyota,Celica,Toyota Celica,2002,benzīns,1.8,275,2500
Mercedes,S350,Mercedes S350,2014,dīzelis,3.0,231,30999
Bmw,325,Bmw 325,2007,benzīns,3.0,221,6500
Volvo,V70,Volvo V70,2008,dīzelis,2.4,371,4300
Bmw,330,Bmw 330,2013,dīzelis,3.0,277,13490
Volkswagen,Tiguan,Volkswagen Tiguan,2012,dīzelis,2.0,169,11600
Opel,Insignia,Opel Insignia,2012,dīzelis,2.0,210,6700
Nissan,Qashqai,Nissan Qashqai,2019,benzīns,1.2,56,18990
Vaz,Citi,Vaz Citi,2008,benzīns,1.6,63,1100
Mazda,Mazda6,Mazda Mazda6,2008,benzīns,2.2,287,800
Bmw,520,Bmw 520,2001,benzīns,2.2,241,3650
Audi,A6,Audi A6,2005,dīzelis,2.7,448,2060
Lexus,NX,Lexus NX,2014,hibrīds,2.5,229,19400
Toyota,RAV 4,Toyota RAV 4,2021,hibrīds,2.5,23,34900
Bmw,X3,Bmw X3,2004,dīzelis,3.0,387,2770
Honda,Accord,Honda Accord,2004,dīzelis,2.2,351,930
Honda,Accord,Honda Accord,2004,dīzelis,2.2,433,720
Ford,Transit,Ford Transit,2018,dīzelis,1.5,136,7800
Volvo,V70,Volvo V70,2003,benzīns,2.4,385,515
Audi,A4,Audi A4,2006,dīzelis,2.7,253,2040
Uaz,452,Uaz 452,1984,benzīns,2.4,231,600
Audi,A4,Audi A4,2005,dīzelis,2.0,307,1225
Volkswagen,Golf 4,Volkswagen Golf 4,2001,benzīns,1.4,248,650
Audi,A4,Audi A4,2005,dīzelis,2.0,232,1760
Peugeot,308,Peugeot 308,2009,benzīns,1.6,212,1855
Opel,Zafira,Opel Zafira,2008,dīzelis,1.9,302,710
Bmw,525,Bmw 525,2006,dīzelis,2.5,347,2780
Subaru,XV,Subaru XV,2018,benzīns,2.0,106,18000
Hyundai,Santa FE,Hyundai Santa FE,2014,dīzelis,2.2,148,13999
Opel,Zafira,Opel Zafira,2007,dīzelis,1.9,458,710
Opel,Antara,Opel Antara,2012,dīzelis,2.2,210,8990
Volkswagen,Polo,Volkswagen Polo,2012,dīzelis,1.6,72,8900
Hyundai,Tucson,Hyundai Tucson,2018,dīzelis,1.7,183,19800
Seat,Leon,Seat Leon,2017,dīzelis,2.0,155,16980
Audi,A6,Audi A6,2007,dīzelis,3.0,317,4999
Jeep,Cherokee,Jeep Cherokee,2008,dīzelis,2.8,237,8500
Mercedes,Sprinter,Mercedes Sprinter,2007,dīzelis,2.5,300,6300
Skoda,Octavia,Skoda Octavia,2009,dīzelis,1.9,250,5900
Mercedes,ML420,Mercedes ML420,2007,dīzelis,4.0,311,7900
Bmw,318,Bmw 318,2008,dīzelis,2.0,286,5550
Toyota,C-HR,Toyota C-HR,2018,hibrīds,1.8,53,27430
Bmw,118,Bmw 118,2009,dīzelis,2.0,172,6400
Mercedes,C200,Mercedes C200,2003,dīzelis,2.2,345,1590
Suzuki,SX4,Suzuki SX4,2006,dīzelis,1.9,119,3950
Peugeot,5008,Peugeot 5008,2012,dīzelis,2.0,286,6750
Volkswagen,Tiguan,Volkswagen Tiguan,2017,dīzelis,2.0,181,18950
Mercedes,A160,Mercedes A160,1998,benzīns,1.6,217,680
Citroen,Jumpy,Citroen Jumpy,2008,dīzelis,1.6,340,3960
Bmw,330,Bmw 330,2001,dīzelis,3.0,41,2250
Land Rover,Range Rover Sport,Land Rover Range Rover Sport,2008,dīzelis,3.6,200,10600
Volkswagen,Touareg,Volkswagen Touareg,2014,dīzelis,3.0,175,18900
Citroen,Jumper,Citroen Jumper,2018,dīzelis,2.0,181,14900
Opel,Vectra,Opel Vectra,1999,benzīns,1.6,259,450
Audi,A6,Audi A6,2021,dīzelis,2.0,29,49900
Audi,A6,Audi A6,2020,dīzelis,2.0,18,49900
Bmw,Z4,Bmw Z4,2003,benzīns,2.5,223,11599
Volkswagen,Passat (B8),Volkswagen Passat (B8),2018,dīzelis,2.0,149,19500
Renault,Grand Scenic,Renault Grand Scenic,2004,dīzelis,1.9,180,1449
Bmw,530,Bmw 530,2002,dīzelis,3.0,349,3250
Volkswagen,Sharan,Volkswagen Sharan,2011,dīzelis,2.0,241,7800
Audi,Q7,Audi Q7,2015,dīzelis,3.0,129,41100
Audi,A4,Audi A4,2021,dīzelis,2.0,26,36950
Bmw,740,Bmw 740,2004,dīzelis,4.0,400,3800
Bmw,X3,Bmw X3,2005,dīzelis,3.0,306,4500
Mercedes,C200,Mercedes C200,2006,dīzelis,2.2,342,1900
Audi,A4,Audi A4,2017,benzīns,1.4,81,24000
Opel,Signum,Opel Signum,2003,dīzelis,2.2,250,1400
Renault,Master,Renault Master,2014,dīzelis,2.3,260,9400
Audi,A7,Audi A7,2015,dīzelis,3.0,195,25950
Volkswagen,Touareg,Volkswagen Touareg,2018,dīzelis,3.0,95,49950
Audi,A4,Audi A4,2017,dīzelis,2.0,100,26250
Audi,A4,Audi A4,2017,dīzelis,2.0,100,26250
Volkswagen,Passat (B8),Volkswagen Passat (B8),2018,dīzelis,2.0,107,26350
Bmw,530,Bmw 530,2000,dīzelis,3.0,350,2300
Audi,A5,Audi A5,2017,dīzelis,2.0,109,28500
Audi,A3,Audi A3,2006,dīzelis,2.0,262,3900
Audi,Q5,Audi Q5,2016,benzīns,2.0,113,22000
Volkswagen,Golf 5,Volkswagen Golf 5,2007,dīzelis,1.9,377,3250
Audi,A4,Audi A4,2020,benzīns,2.0,41,36900
Mercedes,B220,Mercedes B220,2014,dīzelis,2.2,105,15780
Audi,A6,Audi A6,2007,dīzelis,2.7,343,5000
Audi,Q7,Audi Q7,2018,dīzelis,4.0,46,79000
Audi,Allroad,Audi Allroad,2007,dīzelis,3.0,406,6400
Volkswagen,Passat (B7),Volkswagen Passat (B7),2012,dīzelis,2.0,283,8890
Audi,A8,Audi A8,2015,dīzelis,4.2,105,42000
Mazda,CX-5,Mazda CX-5,2015,dīzelis,2.2,174,15200
Mercedes,ML320,Mercedes ML320,2007,dīzelis,3.2,277,9790
Ford,Focus,Ford Focus,2007,benzīns,1.4,225,1800
Opel,Antara,Opel Antara,2012,dīzelis,2.2,121,9499
Volvo,S90,Volvo S90,2017,dīzelis,2.0,162,22900
Mercedes,E200,Mercedes E200,2004,dīzelis,2.2,233,3299
Volvo,V90,Volvo V90,2018,dīzelis,2.0,128,36490
Kia,Ceed,Kia Ceed,2013,dīzelis,1.4,160,6200
Skoda,Octavia,Skoda Octavia,2018,benzīns,1.0,73,14900
Skoda,Kodiaq,Skoda Kodiaq,2017,benzīns,1.4,79,28900
Toyota,C-HR,Toyota C-HR,2019,benzīns,1.2,47,20900
Volkswagen,Polo,Volkswagen Polo,2018,dīzelis,1.6,133,10900
Renault,Espace,Renault Espace,2008,dīzelis,2.0,281,3500
Renault,Trafic,Renault Trafic,2020,dīzelis,2.0,556,17990
Volkswagen,Arteon,Volkswagen Arteon,2019,benzīns,2.0,84,35000
Moskvich,412,Moskvich 412,1991,benzīns,1.5,75,3000
Nissan,X-Trail,Nissan X-Trail,2004,dīzelis,2.2,248,3250
Volvo,S60,Volvo S60,2005,dīzelis,2.4,333,3500
Skoda,Superb,Skoda Superb,2017,dīzelis,2.0,275,17908
Honda,Jazz,Honda Jazz,2004,benzīns,1.4,323,2200
Bmw,320,Bmw 320,1996,benzīns,2.8,340,4500
Mercedes,E200,Mercedes E200,2017,dīzelis,2.0,151,29999
Mercedes,B170,Mercedes B170,2007,benzīns,1.7,212,3100
Dodge,Nitro,Dodge Nitro,2007,dīzelis,2.8,83,6000
Volkswagen,Beetle,Volkswagen Beetle,2003,dīzelis,1.9,265,2850
Peugeot,308,Peugeot 308,2015,dīzelis,1.6,193,7900
Toyota,Avensis,Toyota Avensis,2008,benzīns,2.0,241,3800
Bmw,525,Bmw 525,2013,dīzelis,2.5,278,16800
Audi,A6,Audi A6,2005,dīzelis,3.0,272,4990
Citroen,Berlingo,Citroen Berlingo,2015,dīzelis,1.6,186,6550
Mercedes,E220,Mercedes E220,2005,dīzelis,2.2,273,4200
Bmw,120,Bmw 120,2013,dīzelis,2.0,214,9950
Lexus,GS,Lexus GS,2000,benzīns,3.0,410,2790
Citroen,Berlingo,Citroen Berlingo,2010,dīzelis,1.6,218,3550
Toyota,Hilux,Toyota Hilux,2008,dīzelis,2.5,249,10900
Audi,A3,Audi A3,2003,dīzelis,2.0,280,2000
Volvo,V40,Volvo V40,2015,dīzelis,2.0,178,11999
Honda,FR-V,Honda FR-V,2005,dīzelis,2.2,206,800
Vaz,2121,Vaz 2121,2002,benzīns,1.7,162,2650
Subaru,OUTBACK,Subaru OUTBACK,2016,dīzelis,2.0,172,16500
Skoda,Fabia,Skoda Fabia,2007,dīzelis,1.4,318,1600
Ford,Focus,Ford Focus,2015,dīzelis,1.6,200,5500
Ford,Galaxy,Ford Galaxy,2002,dīzelis,1.9,255,1790
Audi,A6,Audi A6,2007,dīzelis,3.0,316,6790
Bmw,116,Bmw 116,2014,dīzelis,1.6,178,9950
Skoda,Yeti,Skoda Yeti,2010,benzīns,1.2,160,5200
Hyundai,Santa FE,Hyundai Santa FE,2007,dīzelis,2.2,270,5050
Volkswagen,Caddy,Volkswagen Caddy,2006,dīzelis,1.9,321,1250
Mercedes,ML350,Mercedes ML350,2013,benzīns,3.5,236,20000
Bmw,630,Bmw 630,2005,benzīns,3.0,249,6300
Volvo,XC 70,Volvo XC 70,2001,benzīns,2.4,290,3250
Audi,A6,Audi A6,2006,dīzelis,3.0,322,4850
Renault,Espace,Renault Espace,2006,dīzelis,1.9,279,1899
Volkswagen,Touran,Volkswagen Touran,2007,dīzelis,1.9,236,3600
Opel,Astra,Opel Astra,2010,dīzelis,1.7,210,3950
Toyota,Avensis,Toyota Avensis,2018,benzīns,1.8,165,15400
Peugeot,207,Peugeot 207,2007,dīzelis,1.4,188,2700
Hyundai,Sonata,Hyundai Sonata,2007,benzīns,2.0,315,1600
Honda,Civic,Honda Civic,2005,dīzelis,1.7,246,1500
Subaru,OUTBACK,Subaru OUTBACK,2015,dīzelis,2.0,157,17500
Volvo,V60,Volvo V60,2011,dīzelis,2.0,375,5820
Skoda,Superb,Skoda Superb,2016,dīzelis,1.6,211,18000
Subaru,XV,Subaru XV,2014,benzīns,2.0,80,10500
Volkswagen,Touareg,Volkswagen Touareg,2008,dīzelis,3.0,239,9000
Bmw,316,Bmw 316,2013,dīzelis,2.0,195,11000
Volkswagen,Touareg,Volkswagen Touareg,2008,dīzelis,3.0,253,6500
Opel,Meriva,Opel Meriva,2007,dīzelis,1.3,266,1200
Renault,Megane,Renault Megane,2017,dīzelis,1.5,178,10890
Citroen,C5,Citroen C5,2005,dīzelis,1.6,330,1600
Kia,Picanto,Kia Picanto,2006,benzīns,1.1,215,980
Renault,Megane,Renault Megane,2003,benzīns,1.6,330,1000
Hyundai,Santa FE,Hyundai Santa FE,2007,dīzelis,2.2,365,4440
Mitsubishi,Asx,Mitsubishi Asx,2012,benzīns,1.6,185,7000
Audi,A4,Audi A4,2008,benzīns,2.0,249,7600
Ford,Galaxy,Ford Galaxy,2016,dīzelis,2.0,136,15400
Ford,Galaxy,Ford Galaxy,2016,dīzelis,2.0,227,15900
Skoda,Octavia,Skoda Octavia,2018,dīzelis,1.6,164,14990
Opel,Combo,Opel Combo,2004,dīzelis,1.3,234,1500
Opel,Insignia,Opel Insignia,2009,dīzelis,2.0,171,4000
Volvo,S80,Volvo S80,2003,dīzelis,2.4,307,800
Volkswagen,Golf 4,Volkswagen Golf 4,1998,benzīns,1.6,200,1600
Audi,A6,Audi A6,2014,dīzelis,3.0,186,16900
Audi,A4,Audi A4,2002,dīzelis,1.9,452,1500
-,Iveco 35c13,- Iveco 35c13,2005,dīzelis,2.8,252,2800
Ford,Fiesta,Ford Fiesta,2012,benzīns,1.2,280,3800
Bmw,325,Bmw 325,2007,dīzelis,3.0,183,7550
Bmw,X3,Bmw X3,2007,dīzelis,3.0,207,8000
Bmw,330,Bmw 330,2003,dīzelis,3.0,363,3700
Skoda,Roomster,Skoda Roomster,2007,benzīns,1.6,223,890
Audi,A4,Audi A4,2007,dīzelis,2.0,359,4350
Chrysler,Voyager,Chrysler Voyager,2005,dīzelis,2.8,377,1990
Bmw,320,Bmw 320,2004,dīzelis,2.0,276,3950
Opel,Astra,Opel Astra,2005,dīzelis,1.7,300,1750
Bmw,318,Bmw 318,2002,benzīns,2.0,285,1100
Chrysler,Grand Voyager,Chrysler Grand Voyager,2005,benzīns,3.3,250,2950
Volvo,S80,Volvo S80,2009,dīzelis,2.4,285,6599
Volkswagen,Caddy,Volkswagen Caddy,2009,dīzelis,1.9,316,4999
Volkswagen,Passat (B5),Volkswagen Passat (B5),2004,dīzelis,1.9,358,2300
Bmw,X4,Bmw X4,2017,dīzelis,2.0,87,34990
Volkswagen,Golf 7,Volkswagen Golf 7,2014,benzīns,1.4,260,8200
Skoda,Karoq,Skoda Karoq,2022,benzīns,1.5,10,33350
Toyota,Corolla,Toyota Corolla,2002,benzīns,1.6,318,1000
Opel,Meriva,Opel Meriva,2016,dīzelis,1.6,221,8000
Saab,9-3,Saab 9-3,2008,dīzelis,1.9,330,3500
Audi,A6,Audi A6,2000,dīzelis,2.5,332,1100
Opel,Vectra,Opel Vectra,2008,dīzelis,1.9,262,2550
Volkswagen,Bora,Volkswagen Bora,1999,benzīns,2.0,267,899
Honda,Civic,Honda Civic,2008,benzīns,2.0,176,6250
Bmw,525,Bmw 525,2018,dīzelis,2.0,180,21700
Volkswagen,Touareg,Volkswagen Touareg,2012,dīzelis,3.0,388,13400
Ford,S-Max,Ford S-Max,2012,dīzelis,2.0,320,5390
Peugeot,407,Peugeot 407,2005,benzīns,2.0,355,450
Vaz,21063,Vaz 21063,1990,benzīns,1.3,85,4500
Jeep,Grand Cherokee,Jeep Grand Cherokee,2014,dīzelis,3.0,187,21500
Mercedes,B150,Mercedes B150,2009,benzīns,1.5,181,4990
Volvo,XC 90,Volvo XC 90,2009,dīzelis,2.4,227,7790
Bmw,320,Bmw 320,2013,dīzelis,2.0,188,12900
Skoda,Superb,Skoda Superb,2009,benzīns,1.8,230,4200
Dodge,Journey,Dodge Journey,2008,dīzelis,2.0,195,6290
Renault,Clio,Renault Clio,2008,dīzelis,1.5,226,2990
Peugeot,308,Peugeot 308,2014,dīzelis,1.6,212,6800
Volkswagen,Golf 4,Volkswagen Golf 4,2001,dīzelis,1.9,393,1199
Mercedes,E220,Mercedes E220,2017,dīzelis,2.2,135,29800
Toyota,RAV 4,Toyota RAV 4,2006,dīzelis,2.2,325,5950
Toyota,Corolla,Toyota Corolla,2021,hibrīds,1.8,12,26990
Bmw,530,Bmw 530,2007,dīzelis,3.0,216,7999
Chrysler,Grand Voyager,Chrysler Grand Voyager,2008,dīzelis,2.8,203,2300
Audi,A6,Audi A6,2016,dīzelis,3.0,151,22900
Bmw,X5,Bmw X5,2006,dīzelis,3.0,237,7700
Mercedes,S350,Mercedes S350,1993,dīzelis,3.5,333,3180
Toyota,Corolla,Toyota Corolla,2019,benzīns,1.2,69,20990
Volvo,XC 60,Volvo XC 60,2009,dīzelis,2.4,247,10200
Ford,Fiesta,Ford Fiesta,2006,benzīns,1.3,203,850
Mini,Cooper S,Mini Cooper S,2014,benzīns,2.0,100,15750
Bmw,523,Bmw 523,2007,benzīns,2.5,314,4400
Volkswagen,T4,Volkswagen T4,2000,dīzelis,2.5,515,4200
Mercedes,A180,Mercedes A180,2006,dīzelis,1.8,288,2000
Mercedes,E220,Mercedes E220,2017,dīzelis,2.0,53,29990
Renault,Twingo,Renault Twingo,1995,benzīns,1.2,222,550
Land Rover,Discovery,Land Rover Discovery,2008,dīzelis,2.7,281,8000
Bmw,525,Bmw 525,2001,dīzelis,3.0,421,2950
Volkswagen,Touareg,Volkswagen Touareg,2007,dīzelis,3.0,240,6500
Bmw,320,Bmw 320,2012,dīzelis,2.0,171,8450
Jeep,Grand Cherokee,Jeep Grand Cherokee,2006,dīzelis,3.0,330,6900
Volkswagen,Golf 6,Volkswagen Golf 6,2008,benzīns,1.4,228,3499
Volkswagen,Touran,Volkswagen Touran,2010,dīzelis,1.9,211,5550
Volkswagen,Golf 1,Volkswagen Golf 1,2009,benzīns,1.4,158,8999
Volvo,XC 60,Volvo XC 60,2009,dīzelis,2.4,283,9499
Volvo,S60,Volvo S60,2011,benzīns,2.0,162,9998
Bmw,530,Bmw 530,2012,dīzelis,3.0,303,12999
Bmw,i3,Bmw i3,2015,hibrīds,0.6,60,18499
Porsche,Macan,Porsche Macan,2014,benzīns,3.0,93,38999
Bmw,X5,Bmw X5,2019,benzīns,3.0,25,59900
Peugeot,307,Peugeot 307,2007,dīzelis,1.6,168,3250
Ford,Mondeo,Ford Mondeo,2012,dīzelis,1.6,252,5000
Renault,Grand Scenic,Renault Grand Scenic,2011,dīzelis,1.6,219,5490
Volvo,S80,Volvo S80,2007,dīzelis,2.4,231,6990
Audi,A3,Audi A3,2005,dīzelis,2.0,330,1690
Dacia,Logan,Dacia Logan,2014,benzīns,1.2,142,4790
Volkswagen,Polo,Volkswagen Polo,2007,benzīns,1.2,132,3790
Audi,A4,Audi A4,2008,dīzelis,2.0,276,7490
Subaru,OUTBACK,Subaru OUTBACK,2011,benzīns,2.5,319,7700
Volkswagen,Passat (B6),Volkswagen Passat (B6),2006,dīzelis,2.0,430,1200
Mercedes,E270,Mercedes E270,2003,dīzelis,2.7,340,4290
Bmw,316,Bmw 316,2011,dīzelis,2.0,169,7990
Ford,Focus,Ford Focus,2014,benzīns,1.0,120,6290
Skoda,Fabia,Skoda Fabia,2008,dīzelis,1.4,220,4990
Volkswagen,Passat (B6),Volkswagen Passat (B6),2006,dīzelis,2.0,282,4490
Opel,Zafira,Opel Zafira,2006,benzīns,2.2,148,3690
Volkswagen,Tiguan,Volkswagen Tiguan,2009,benzīns,2.0,207,8690
Audi,A6,Audi A6,2002,dīzelis,1.9,231,1200
Mercedes,E220,Mercedes E220,2002,dīzelis,2.2,342,3200
Citroen,Berlingo,Citroen Berlingo,2008,benzīns,1.4,270,2000
Mercedes,Sprinter,Mercedes Sprinter,2009,dīzelis,2.2,249,9680
Bmw,530,Bmw 530,2018,dīzelis,3.0,47,38200
Opel,Vivaro,Opel Vivaro,2007,dīzelis,2.0,253,7900
Volkswagen,Passat (B6),Volkswagen Passat (B6),2008,benzīns,2.0,200,3500
Toyota,Hilux,Toyota Hilux,2022,dīzelis,2.8,10,47100
Volkswagen,Transporter,Volkswagen Transporter,1997,benzīns,2.0,320,3150
Renault,Trafic,Renault Trafic,2014,dīzelis,2.0,227,9300
Audi,A6,Audi A6,2012,dīzelis,2.0,359,10999
Volkswagen,Golf Plus,Volkswagen Golf Plus,2010,benzīns,1.2,91,4950
Audi,A6,Audi A6,2011,dīzelis,3.0,218,13700
Bmw,120,Bmw 120,2009,dīzelis,2.0,203,5900
Volkswagen,Passat (B8),Volkswagen Passat (B8),2016,dīzelis,2.0,172,13400
Opel,Astra,Opel Astra,2006,benzīns,1.6,184,3795
Opel,Vectra,Opel Vectra,2008,dīzelis,1.9,331,2100
Ford,S-Max,Ford S-Max,2008,dīzelis,2.0,229,4150
Peugeot,206,Peugeot 206,2007,dīzelis,1.4,259,1800
Mitsubishi,Outlander,Mitsubishi Outlander,2015,dīzelis,2.2,192,15650
Seat,Toledo,Seat Toledo,2005,dīzelis,1.9,325,1350
Bmw,325,Bmw 325,2002,benzīns,2.5,307,4200
Bmw,320,Bmw 320,2002,dīzelis,2.0,281,2600
Bmw,525,Bmw 525,2003,dīzelis,2.5,379,3900
Volkswagen,Golf 5,Volkswagen Golf 5,2004,dīzelis,1.9,234,2950
Bmw,525,Bmw 525,2011,dīzelis,3.0,304,11700
Bmw,330,Bmw 330,2004,benzīns,3.0,293,6650
Chrysler,Pacifica,Chrysler Pacifica,2004,benzīns,3.5,311,900
Opel,Astra,Opel Astra,2005,dīzelis,1.9,315,1650
Bmw,116,Bmw 116,2014,dīzelis,2.0,174,10750
Audi,Q5,Audi Q5,2019,dīzelis,2.0,169,36700
Toyota,Land Cruiser,Toyota Land Cruiser,2009,dīzelis,3.0,266,17400
Ford,S-Max,Ford S-Max,2018,dīzelis,2.0,170,16500
Kia,Carnival,Kia Carnival,2007,dīzelis,2.9,230,1500
Volkswagen,T2,Volkswagen T2,1978,benzīns,1.6,300,100
Volkswagen,Tiguan,Volkswagen Tiguan,2009,benzīns,2.0,225,7900
Mercedes,ML320,Mercedes ML320,2006,dīzelis,3.0,224,7500
Volkswagen,Tiguan,Volkswagen Tiguan,2012,dīzelis,2.0,208,10900
Volkswagen,Golf Sportsvan,Volkswagen Golf Sportsvan,2015,dīzelis,1.6,377,7750
Volkswagen,Passat (B8),Volkswagen Passat (B8),2016,dīzelis,2.0,219,13950
Honda,Civic,Honda Civic,2007,benzīns,1.8,224,2600
Audi,A6,Audi A6,2006,dīzelis,3.0,287,3999
Volkswagen,Jetta,Volkswagen Jetta,2012,benzīns,1.4,148,6700
Land Rover,Defender,Land Rover Defender,2021,dīzelis,3.0,18,74900
Audi,A4,Audi A4,2008,dīzelis,3.0,314,6500
Bmw,118,Bmw 118,2007,dīzelis,2.0,325,3000
Volkswagen,Golf 5,Volkswagen Golf 5,2005,benzīns,2.0,185,4700
Volkswagen,T4,Volkswagen T4,1998,dīzelis,2.5,393,2250
Volkswagen,Touran,Volkswagen Touran,2003,dīzelis,1.9,436,700
Volkswagen,Golf 4,Volkswagen Golf 4,1999,benzīns,1.6,296,850
Volkswagen,Golf 5,Volkswagen Golf 5,2008,dīzelis,2.0,419,2300
Audi,A6,Audi A6,2016,benzīns,1.8,230,20950
Audi,A5,Audi A5,2011,dīzelis,2.7,219,10650
Nissan,Juke,Nissan Juke,2018,benzīns,1.6,48,12000
Mercedes,E220,Mercedes E220,2020,dīzelis,2.2,27,54000
Toyota,Avensis,Toyota Avensis,2007,benzīns,2.4,317,2950
Opel,Astra,Opel Astra,2017,dīzelis,1.6,143,10900
Opel,Corsa,Opel Corsa,2007,dīzelis,1.3,280,800
Nissan,Juke,Nissan Juke,2016,benzīns,1.2,40,10999
Hyundai,Santa FE,Hyundai Santa FE,2008,dīzelis,2.2,178,6400
Renault,Trafic,Renault Trafic,2019,dīzelis,1.6,89,23500
Audi,A8,Audi A8,2014,dīzelis,3.0,175,29700
Volvo,S60,Volvo S60,2003,dīzelis,2.4,333,2150
Skoda,Octavia,Skoda Octavia,2017,dīzelis,1.6,176,13800
Mercedes,CLS400,Mercedes CLS400,2019,dīzelis,3.0,109,49900
Mercedes,E220,Mercedes E220,2005,dīzelis,2.2,270,4350
Mercedes,C220,Mercedes C220,2014,dīzelis,2.2,205,18900
Bmw,640,Bmw 640,2014,dīzelis,3.0,175,26500
Chrysler,Grand Voyager,Chrysler Grand Voyager,2007,dīzelis,2.8,320,2250
Hyundai,Sonata,Hyundai Sonata,2007,benzīns,2.0,246,1900
Chrysler,Voyager,Chrysler Voyager,2002,dīzelis,2.5,294,1645
Mini,Clubman,Mini Clubman,2009,benzīns,1.6,120,6100
Land Rover,Range Rover Sport,Land Rover Range Rover Sport,2013,dīzelis,3.0,97,29999
Volkswagen,Sharan,Volkswagen Sharan,2001,dīzelis,1.9,559,990
Bmw,X5,Bmw X5,2010,dīzelis,4.0,280,15950
Subaru,Forester,Subaru Forester,2016,dīzelis,2.0,159,16500
Volkswagen,Golf 7,Volkswagen Golf 7,2018,dīzelis,1.6,124,14900
Bmw,530,Bmw 530,2017,dīzelis,3.0,159,31990
Bmw,X5,Bmw X5,2014,dīzelis,3.0,188,25990
Mercedes,CLA180,Mercedes CLA180,2016,benzīns,1.6,108,14000
Mercedes,V250,Mercedes V250,2020,dīzelis,2.1,65,56400
Audi,A6,Audi A6,2003,dīzelis,2.5,372,2050
Opel,Zafira,Opel Zafira,2003,dīzelis,2.0,241,2000
Subaru,OUTBACK,Subaru OUTBACK,2009,dīzelis,2.0,317,2599
Chevrolet,Cruze,Chevrolet Cruze,2011,benzīns,1.8,157,6299
Audi,A4,Audi A4,1995,benzīns,1.8,297,720
Renault,Master,Renault Master,2004,dīzelis,2.5,373,4650
Toyota,Corolla,Toyota Corolla,2012,benzīns,1.6,119,6000
Volvo,XC 70,Volvo XC 70,2006,dīzelis,2.4,420,2200
Volvo,XC 70,Volvo XC 70,2006,dīzelis,2.4,360,5000
Volvo,S40,Volvo S40,2004,dīzelis,2.0,269,2000
Opel,Zafira,Opel Zafira,2000,dīzelis,2.0,342,550
Bmw,X7,Bmw X7,2020,dīzelis,3.0,40,99900
Bmw,320,Bmw 320,2011,dīzelis,2.0,258,9555
Mazda,Mazda6,Mazda Mazda6,2018,benzīns,2.0,107,16490
Opel,Corsa,Opel Corsa,2003,benzīns,1.4,355,1000
Honda,Cr-v,Honda Cr-v,2008,dīzelis,2.2,209,6950
Bmw,535,Bmw 535,2006,dīzelis,3.5,320,6600
Seat,Leon,Seat Leon,2007,benzīns,1.6,248,2500
Toyota,Auris,Toyota Auris,2009,dīzelis,1.4,201,4900
Bmw,X5,Bmw X5,2007,dīzelis,3.0,230,7600
Citroen,C4 Cactus,Citroen C4 Cactus,2015,dīzelis,1.6,133,10990
Opel,Tigra,Opel Tigra,2006,benzīns,1.4,175,3490
Land Rover,Range Rover Sport,Land Rover Range Rover Sport,2007,dīzelis,2.7,244,6490
Audi,A6,Audi A6,2010,dīzelis,3.0,225,11000
Volvo,V50,Volvo V50,2005,dīzelis,2.0,370,1900
Volvo,C30,Volvo C30,2008,dīzelis,1.6,259,3500
Skoda,Yeti,Skoda Yeti,2011,benzīns,1.4,263,5510
Kia,Sportage,Kia Sportage,2012,benzīns,1.6,100,10350
Mercedes,G400,Mercedes G400,2001,dīzelis,4.0,283,28000
Mitsubishi,Grandis,Mitsubishi Grandis,2006,dīzelis,2.0,303,2800
Ford,Mondeo,Ford Mondeo,2003,benzīns,3.0,235,3400
Audi,Q5,Audi Q5,2009,dīzelis,3.0,264,13000
Seat,Leon,Seat Leon,2007,dīzelis,1.9,275,3490
Skoda,Octavia,Skoda Octavia,2017,dīzelis,1.6,201,12700
Land Rover,Range Rover Sport,Land Rover Range Rover Sport,2011,dīzelis,3.0,189,18998
Toyota,Avensis,Toyota Avensis,2010,benzīns,2.0,183,7698
Honda,Cr-v,Honda Cr-v,2007,benzīns,2.0,170,7200
Saab,9-3,Saab 9-3,2004,benzīns,2.0,334,1850
Audi,A4,Audi A4,2008,benzīns,1.8,160,8499
Mercedes,GLC 350,Mercedes GLC 350,2013,dīzelis,3.0,204,33999
Opel,Meriva,Opel Meriva,2007,benzīns,1.6,77,3499
Opel,Vivaro,Opel Vivaro,2012,dīzelis,2.0,224,12499
Hyundai,Sonata,Hyundai Sonata,2005,benzīns,2.4,97,4499
Honda,Logo,Honda Logo,2000,benzīns,1.4,293,1510
Opel,Astra,Opel Astra,2010,dīzelis,1.7,387,1800
Opel,Vivaro,Opel Vivaro,2015,dīzelis,1.6,183,16700
Skoda,Roomster,Skoda Roomster,2012,dīzelis,1.6,246,6700
Volkswagen,Golf 7,Volkswagen Golf 7,2017,dīzelis,1.6,104,16500
Hyundai,i30,Hyundai i30,2011,benzīns,1.4,195,3990
Bmw,330,Bmw 330,2008,dīzelis,2.5,288,7000
Dodge,Grand Caravan,Dodge Grand Caravan,2000,benzīns,3.3,191,550
Bmw,325,Bmw 325,2007,benzīns,3.0,232,3990
Audi,A4,Audi A4,2002,dīzelis,1.9,318,2899
Opel,Antara,Opel Antara,2012,dīzelis,2.2,237,7500
Hyundai,i40,Hyundai i40,2016,dīzelis,1.7,94,14500
Bmw,520,Bmw 520,2006,dīzelis,2.0,350,4500
Kia,Sportage,Kia Sportage,2007,benzīns,1.9,296,2500
Bmw,X1,Bmw X1,2011,dīzelis,2.0,205,9300
Volvo,XC 70,Volvo XC 70,2008,dīzelis,2.4,252,8800
Volvo,S60,Volvo S60,2004,benzīns,2.4,177,3990
Volvo,V60,Volvo V60,2011,dīzelis,2.4,211,8550
Volvo,V70,Volvo V70,2012,dīzelis,2.0,303,8290
Toyota,RAV 4,Toyota RAV 4,2008,dīzelis,2.2,150,6590
Citroen,Jumper,Citroen Jumper,2009,dīzelis,2.2,322,4490
Bmw,X1,Bmw X1,2018,dīzelis,2.0,151,23880
Citroen,C4,Citroen C4,2007,benzīns,2.0,258,2750
Toyota,Auris,Toyota Auris,2011,hibrīds,1.8,201,8650
Renault,Espace,Renault Espace,2011,dīzelis,2.0,209,7990
Subaru,OUTBACK,Subaru OUTBACK,2010,dīzelis,2.0,320,4900
Mercedes,CLA200,Mercedes CLA200,2017,dīzelis,2.2,238,16500
Mazda,Mazda6,Mazda Mazda6,2008,benzīns,2.0,121,6500
Audi,A6,Audi A6,2004,dīzelis,3.0,278,3355
Volkswagen,Golf 7,Volkswagen Golf 7,2017,benzīns,1.4,106,10990
Ford,Focus,Ford Focus,2005,benzīns,1.6,302,1050
Toyota,Corolla,Toyota Corolla,2021,benzīns,1.5,1.2,24990
Volvo,S40,Volvo S40,1997,benzīns,1.6,265,500
Mercedes,Vito,Mercedes Vito,2008,dīzelis,2.2,239,8900
Mercedes,E500,Mercedes E500,2003,benzīns,5.0,339,4299
Volvo,V70,Volvo V70,2011,dīzelis,2.4,264,7990
Volkswagen,Passat CC,Volkswagen Passat CC,2011,benzīns,1.8,159,6999
Volkswagen,Golf 5,Volkswagen Golf 5,2006,benzīns,1.6,105,3000
Volvo,S80,Volvo S80,2004,benzīns,2.4,221,1950
Volvo,XC 90,Volvo XC 90,2011,dīzelis,2.4,310,13900
Opel,Frontera,Opel Frontera,2001,benzīns,2.2,290,3200
Opel,Astra,Opel Astra,2010,dīzelis,2.0,204,6498
Bmw,X1,Bmw X1,2017,dīzelis,2.0,199,23000
Bmw,318,Bmw 318,1994,benzīns,1.8,295,3500
Toyota,Aygo,Toyota Aygo,2005,benzīns,1.0,247,1550
Toyota,Aygo,Toyota Aygo,2005,benzīns,1.0,247,1550
Skoda,Octavia,Skoda Octavia,2017,dīzelis,1.6,150,13700
Lexus,RX,Lexus RX,2010,hibrīds,3.5,165,13500
Bmw,318,Bmw 318,2005,dīzelis,2.0,371,2550
Volkswagen,Tiguan,Volkswagen Tiguan,2018,dīzelis,2.0,114,31900
Toyota,RAV 4,Toyota RAV 4,2004,benzīns,2.0,143,3850
Ford,S-Max,Ford S-Max,2010,dīzelis,2.0,190,5950
Volkswagen,Tiguan,Volkswagen Tiguan,2016,dīzelis,2.0,142,19800
Bmw,Z4,Bmw Z4,2009,benzīns,2.3,240,16000
Moskvich,408,Moskvich 408,1972,benzīns,1.6,124,1350
Volkswagen,Golf 7,Volkswagen Golf 7,2018,dīzelis,2.0,135,18990
Volkswagen,Tiguan,Volkswagen Tiguan,2009,dīzelis,2.0,226,10500
Chevrolet,Spark,Chevrolet Spark,2012,benzīns,1.0,109,3670
Volkswagen,Golf 4,Volkswagen Golf 4,2004,benzīns,1.6,246,1300
Bmw,730,Bmw 730,2005,dīzelis,3.0,207,4500
Jeep,Grand Cherokee,Jeep Grand Cherokee,2005,dīzelis,2.7,248,3750
Hyundai,Santa FE,Hyundai Santa FE,2013,dīzelis,2.2,282,12700
Honda,Civic,Honda Civic,2018,dīzelis,1.6,71,18000
Bmw,730,Bmw 730,2020,dīzelis,3.0,58,74900
Bmw,X6,Bmw X6,2018,dīzelis,3.0,80,59900
Opel,Astra,Opel Astra,2011,dīzelis,2.0,154,6400
Mercedes,GLB 200,Mercedes GLB 200,2021,dīzelis,2.0,30,45900
Volkswagen,Golf 4,Volkswagen Golf 4,1997,dīzelis,1.9,333,1250
Audi,A6,Audi A6,2002,dīzelis,2.5,297,1900
Hyundai,Santa FE,Hyundai Santa FE,2004,dīzelis,2.0,275,1400
Ford,Galaxy,Ford Galaxy,2008,dīzelis,2.0,241,6200
Hyundai,Santa FE,Hyundai Santa FE,2011,dīzelis,2.2,166,9200
Volkswagen,Multivan,Volkswagen Multivan,2019,dīzelis,2.0,76,51900
Audi,A6,Audi A6,2007,dīzelis,3.0,303,4200
Skoda,Fabia,Skoda Fabia,2016,benzīns,1.0,177,7450
Volvo,V40,Volvo V40,2003,dīzelis,1.9,328,1250
Skoda,Octavia,Skoda Octavia,2010,dīzelis,1.9,170,5500
Volkswagen,Passat (B6),Volkswagen Passat (B6),2008,dīzelis,1.9,292,2199
Audi,A6,Audi A6,2012,benzīns,2.8,248,13500
Volvo,XC 90,Volvo XC 90,2004,dīzelis,2.4,236,5250
Bmw,535,Bmw 535,2014,dīzelis,3.0,271,16900
Toyota,Avensis,Toyota Avensis,2007,dīzelis,2.0,264,3780
Toyota,Yaris,Toyota Yaris,2009,benzīns,1.3,280,2850
Audi,A4,Audi A4,2008,benzīns,1.8,286,5950
Audi,A6,Audi A6,2009,benzīns,2.8,215,3500
Volkswagen,Golf 4,Volkswagen Golf 4,2000,benzīns,1.4,176,2100
Opel,Zafira,Opel Zafira,2004,dīzelis,2.2,292,2200
Ford,Tourneo,Ford Tourneo,2003,dīzelis,1.8,341,1800
Opel,Astra,Opel Astra,2010,dīzelis,1.7,241,4100
Jeep,Grand Cherokee,Jeep Grand Cherokee,2007,dīzelis,3.0,240,7150
Volvo,V40,Volvo V40,2013,dīzelis,2.0,190,9500
Opel,Insignia,Opel Insignia,2015,dīzelis,2.0,219,9670
Ford,Ranger,Ford Ranger,2021,dīzelis,2.0,32,54000
Mercedes,CLK230,Mercedes CLK230,1999,benzīns,2.3,250,1350
Honda,Accord,Honda Accord,2010,dīzelis,2.2,239,5700
Ford,Galaxy,Ford Galaxy,2008,dīzelis,2.0,460,3750
Mercedes,ML350,Mercedes ML350,2013,dīzelis,3.0,205,22600
Audi,A4,Audi A4,1999,dīzelis,1.9,340,1450
Opel,Insignia,Opel Insignia,2011,dīzelis,2.0,246,3200
Audi,A6,Audi A6,2011,dīzelis,3.0,270,13700
Toyota,Land Cruiser,Toyota Land Cruiser,2004,dīzelis,4.2,355,13555
Volkswagen,Jetta,Volkswagen Jetta,2012,dīzelis,2.0,80,7500
Volvo,S40,Volvo S40,2002,dīzelis,1.9,367,840
Audi,A4,Audi A4,2005,dīzelis,2.0,290,3000
Mercedes,Sprinter,Mercedes Sprinter,2011,dīzelis,2.2,463,6200
Audi,A7,Audi A7,2011,benzīns,3.0,192,17800
Lancia,Thema,Lancia Thema,2012,dīzelis,3.0,122,12900
Subaru,OUTBACK,Subaru OUTBACK,2020,benzīns,2.5,28,26500
Volkswagen,Passat (B6),Volkswagen Passat (B6),2007,dīzelis,2.0,415,1300
Jeep,Grand Cherokee,Jeep Grand Cherokee,2019,dīzelis,3.0,49,44900
Audi,A4,Audi A4,2017,dīzelis,3.0,240,19450
Bmw,525,Bmw 525,2008,dīzelis,3.0,320,6000
Mercedes,GLC 250,Mercedes GLC 250,2016,dīzelis,2.2,123,35995
Chrysler,Voyager,Chrysler Voyager,2004,dīzelis,2.5,314,2150
Renault,Kangoo,Renault Kangoo,2011,dīzelis,1.5,293,3000
Skoda,Octavia,Skoda Octavia,2006,benzīns,1.6,230,2450
Peugeot,Partner,Peugeot Partner,2011,dīzelis,1.6,311,3500
Volkswagen,Passat (B8),Volkswagen Passat (B8),2017,dīzelis,1.6,181,15900
Porsche,Panamera,Porsche Panamera,2017,benzīns,2.9,65,75000
Volvo,V40,Volvo V40,2017,dīzelis,2.0,165,13900
Skoda,Superb,Skoda Superb,2011,benzīns,1.8,201,5100
Volkswagen,Golf 4,Volkswagen Golf 4,2000,dīzelis,1.9,244,2350
Audi,A4,Audi A4,2004,dīzelis,1.9,310,950
Audi,Q5,Audi Q5,2014,dīzelis,3.0,144,22500
Audi,A4,Audi A4,2016,dīzelis,2.0,137,21950
Mazda,CX-5,Mazda CX-5,2018,benzīns,2.5,41,24999
Volkswagen,Tiguan,Volkswagen Tiguan,2012,dīzelis,2.0,206,12500
Suzuki,Vitara,Suzuki Vitara,2015,dīzelis,1.6,206,13550
Mini,Countryman,Mini Countryman,2012,dīzelis,1.6,175,8500
Volkswagen,Touran,Volkswagen Touran,2016,dīzelis,2.0,235,16500
Porsche,Macan,Porsche Macan,2015,dīzelis,3.0,190,41900
Kia,Stonic,Kia Stonic,2017,benzīns,1.4,57,13990
Bmw,320,Bmw 320,2016,dīzelis,2.0,225,13900
Renault,Espace,Renault Espace,2015,dīzelis,1.6,219,15900
Toyota,Aygo,Toyota Aygo,2010,benzīns,1.0,128,2850
Bmw,M2,Bmw M2,2017,benzīns,3.0,60,42100
Mercedes,C43 AMG,Mercedes C43 AMG,2017,dīzelis,3.0,63,36500
Mercedes,GLE 300,Mercedes GLE 300,2020,dīzelis,3.0,50,65500
Volvo,S90,Volvo S90,2020,benzīns,2.0,44,38700
Mercedes,V250,Mercedes V250,2021,dīzelis,2.2,8.5,69990
Audi,A6,Audi A6,2005,dīzelis,3.0,280,4200
Volvo,S60,Volvo S60,2002,dīzelis,2.4,371,1200
Audi,A6,Audi A6,2002,dīzelis,1.9,287,1900
Nissan,X-Trail,Nissan X-Trail,2017,dīzelis,1.6,114,14650
Volkswagen,Tiguan,Volkswagen Tiguan,2010,dīzelis,2.0,213,7600
Volkswagen,Tiguan,Volkswagen Tiguan,2018,benzīns,2.0,60,24990
Audi,A5,Audi A5,2012,dīzelis,3.0,273,13700
Bmw,X5,Bmw X5,2009,dīzelis,3.0,241,12890
Opel,Astra,Opel Astra,2000,benzīns,1.8,195,1650
Nissan,Patrol,Nissan Patrol,1999,dīzelis,2.8,313,7999
Jaguar,X-Type,Jaguar X-Type,2006,benzīns,2.5,148,3200
Audi,A6,Audi A6,2017,benzīns,1.8,95,25500
Chrysler,Grand Voyager,Chrysler Grand Voyager,2003,dīzelis,2.5,332,800
Volkswagen,Caddy,Volkswagen Caddy,2008,dīzelis,1.9,342,3500
Nissan,Qashqai,Nissan Qashqai,2014,benzīns,1.2,137,11990
Volkswagen,Passat (B8),Volkswagen Passat (B8),2019,dīzelis,2.0,137,24250
Honda,Accord,Honda Accord,2006,dīzelis,2.2,250,3500
Audi,A6,Audi A6,2015,dīzelis,2.0,124,23500
Toyota,Corolla,Toyota Corolla,2002,benzīns,1.6,245,1100
Citroen,C4 Cactus,Citroen C4 Cactus,2015,dīzelis,1.6,95,10200
Audi,A6,Audi A6,2005,dīzelis,3.0,265,3850
Citroen,C4,Citroen C4,2013,benzīns,1.6,161,5500
Bmw,530,Bmw 530,2003,dīzelis,3.0,442,3190
Nissan,Citi,Nissan Citi,2017,dīzelis,1.6,122,18990
Audi,A6,Audi A6,2002,dīzelis,2.5,355,800
Volkswagen,Amarok,Volkswagen Amarok,2014,dīzelis,2.0,224,21999
Peugeot,Boxer,Peugeot Boxer,2008,dīzelis,2.2,153,9895
Ford,Galaxy,Ford Galaxy,2009,dīzelis,2.0,198,5795
Audi,A4,Audi A4,2017,dīzelis,2.0,118,22600
Audi,A6,Audi A6,2014,dīzelis,2.0,288,13990
Audi,A6,Audi A6,2006,dīzelis,2.7,200,4490
Volkswagen,Touran,Volkswagen Touran,2008,dīzelis,1.9,298,3000
Opel,Astra,Opel Astra,2012,dīzelis,1.7,168,6350
Mercedes,C270,Mercedes C270,2005,dīzelis,2.7,420,2990
Honda,Civic,Honda Civic,2006,dīzelis,2.2,240,3000
Subaru,OUTBACK,Subaru OUTBACK,2011,benzīns,2.5,201,8500
Volvo,XC 60,Volvo XC 60,2010,dīzelis,2.4,363,9400
Mercedes,C200,Mercedes C200,2004,benzīns,1.8,291,2900
Volkswagen,Passat (B6),Volkswagen Passat (B6),2005,dīzelis,2.0,197,2600
Peugeot,3008,Peugeot 3008,2017,dīzelis,1.6,130,15800
Audi,Q7,Audi Q7,2016,dīzelis,3.0,200,42000
Seat,Ibiza,Seat Ibiza,2011,dīzelis,1.6,179,5999
Peugeot,308,Peugeot 308,2016,dīzelis,2.0,86,11600
Peugeot,308,Peugeot 308,2017,benzīns,1.2,143,7900
Opel,Insignia,Opel Insignia,2016,benzīns,2.0,55,12200
Citroen,Jumpy,Citroen Jumpy,2018,dīzelis,1.6,147,14500
Land Rover,Range Rover Sport,Land Rover Range Rover Sport,2006,dīzelis,2.7,275,4400
Bmw,320,Bmw 320,2002,dīzelis,2.0,399,2550
Bmw,525,Bmw 525,2004,benzīns,2.5,260,2750
Bmw,525,Bmw 525,2004,dīzelis,2.5,410,3400
Bmw,730,Bmw 730,2003,dīzelis,3.0,265,2050
Volvo,V50,Volvo V50,2008,dīzelis,2.0,293,2900
Volkswagen,Golf 6,Volkswagen Golf 6,2012,dīzelis,1.6,277,4300
Peugeot,Partner,Peugeot Partner,2017,dīzelis,1.6,126,8900
Audi,Q7,Audi Q7,2016,dīzelis,3.0,185,36400
Volkswagen,Tiguan,Volkswagen Tiguan,2019,dīzelis,2.0,52,31150
Toyota,Avensis,Toyota Avensis,2015,dīzelis,1.6,190,10900
Volkswagen,Passat (B5),Volkswagen Passat (B5),2002,dīzelis,2.5,349,2499
Opel,Astra,Opel Astra,2001,benzīns,1.8,315,2500
Audi,A4,Audi A4,1997,benzīns,1.8,337,1280
Volvo,V90,Volvo V90,2018,dīzelis,2.0,124,36650
Nissan,Qashqai,Nissan Qashqai,2011,benzīns,1.6,149,7500
Renault,Megane,Renault Megane,2010,dīzelis,1.5,333,3100
Volkswagen,Passat (B8),Volkswagen Passat (B8),2018,benzīns,1.4,183,23900
Bmw,530,Bmw 530,2004,dīzelis,3.0,230,5900
Nissan,Qashqai,Nissan Qashqai,2017,benzīns,1.2,69,16900
Toyota,Avensis,Toyota Avensis,2007,dīzelis,2.2,258,3500
Dodge,Nitro,Dodge Nitro,2007,benzīns,3.7,150,5600
Volkswagen,Polo,Volkswagen Polo,2000,benzīns,1.4,223,659
Mercedes,Sprinter,Mercedes Sprinter,2002,dīzelis,2.2,400,1300
Ford,Galaxy,Ford Galaxy,2007,benzīns,2.0,261,4350
Mercedes,G320,Mercedes G320,1998,benzīns,3.2,260,30000
Bmw,X3,Bmw X3,2018,dīzelis,2.0,141,34444
Volvo,XC 90,Volvo XC 90,2004,dīzelis,2.4,341,4590
Toyota,Verso,Toyota Verso,2003,dīzelis,2.0,327,1650
Suzuki,Swift,Suzuki Swift,2006,benzīns,1.3,205,2500
Toyota,Corolla Verso,Toyota Corolla Verso,2006,dīzelis,2.2,313,2790
Audi,A8,Audi A8,2007,benzīns,3.1,194,9350
Mercedes,A170,Mercedes A170,2003,dīzelis,1.7,216,500
Kia,Sportage,Kia Sportage,2017,dīzelis,1.7,143,17200
Citroen,C4 Picasso,Citroen C4 Picasso,2007,dīzelis,1.6,362,1999
Audi,A4,Audi A4,2008,dīzelis,2.0,168,6450
Mercedes,C220,Mercedes C220,2002,dīzelis,2.2,320,1600
Mercedes,C200,Mercedes C200,2002,dīzelis,2.2,350,1200
Volkswagen,Golf 5,Volkswagen Golf 5,2007,benzīns,1.6,222,2700
Bmw,320,Bmw 320,2008,dīzelis,2.0,234,6700
Jeep,Wrangler,Jeep Wrangler,1999,benzīns,2.5,196,7350
Volkswagen,Golf 3,Volkswagen Golf 3,1996,dīzelis,1.9,300,1300
Opel,Insignia,Opel Insignia,2018,dīzelis,1.6,65,17900
Audi,A4,Audi A4,2008,dīzelis,2.0,278,6990
Subaru,Legacy,Subaru Legacy,2011,dīzelis,2.0,318,4500
Peugeot,307,Peugeot 307,2004,benzīns,1.6,158,1150
Mercedes,300,Mercedes 300,1988,dīzelis,3.0,514,1800
Audi,A4,Audi A4,2008,dīzelis,3.0,277,8499
Peugeot,308,Peugeot 308,2015,dīzelis,1.6,248,6400
Alfa romeo,Giulietta,Alfa romeo Giulietta,2011,dīzelis,2.0,246,6400
Ford,Focus,Ford Focus,2008,benzīns,2.0,195,3950
Lexus,GS,Lexus GS,2006,benzīns,4.3,276,6500
Volkswagen,Citi,Volkswagen Citi,1995,dīzelis,1.9,440,1750
Seat,Leon,Seat Leon,2008,dīzelis,2.0,238,4699
Ford,Mondeo,Ford Mondeo,2008,dīzelis,2.0,282,4000
Volvo,V70,Volvo V70,2008,dīzelis,2.0,275,5250
Volkswagen,Golf 5,Volkswagen Golf 5,2004,dīzelis,2.0,278,4200
Seat,Ibiza,Seat Ibiza,2002,benzīns,1.4,213,1390
Bmw,525,Bmw 525,2001,dīzelis,2.5,362,2250
Bmw,318,Bmw 318,2003,benzīns,1.9,288,2700
Audi,80,Audi 80,1992,benzīns,2.6,282,1850
Toyota,RAV 4,Toyota RAV 4,2005,benzīns,2.0,314,5200
Lexus,RX,Lexus RX,2004,benzīns,3.3,187,4500
Toyota,RAV 4,Toyota RAV 4,2013,dīzelis,2.2,196,13600
Nissan,Juke,Nissan Juke,2013,benzīns,1.6,75,8700
Bmw,X3,Bmw X3,2016,dīzelis,3.0,262,19900
Audi,A6,Audi A6,2013,dīzelis,3.0,234,13700
Toyota,RAV 4,Toyota RAV 4,2011,dīzelis,2.2,216,9900
Lexus,RX,Lexus RX,2011,benzīns,3.5,240,13800
Seat,Leon,Seat Leon,2015,dīzelis,2.0,272,8400
Bmw,318,Bmw 318,2002,benzīns,1.8,225,1250
Mazda,Mazda6,Mazda Mazda6,2007,dīzelis,2.0,205,2000
Toyota,Verso,Toyota Verso,2013,dīzelis,2.0,174,9500
Audi,A6,Audi A6,1998,dīzelis,1.9,481,950
Volkswagen,Golf 5,Volkswagen Golf 5,2004,dīzelis,2.0,370,3650
Renault,Megane,Renault Megane,2005,benzīns,2.0,198,1995
Peugeot,307,Peugeot 307,2007,benzīns,1.6,145,2600
Audi,Q7,Audi Q7,2018,dīzelis,3.0,91,47500
Mazda,Mazda5,Mazda Mazda5,2006,dīzelis,2.0,228,2500
Volvo,S60,Volvo S60,2004,dīzelis,2.4,357,2600
Ford,Galaxy,Ford Galaxy,2007,dīzelis,1.8,283,4450
Mazda,Mazda3,Mazda Mazda3,2008,benzīns,1.6,260,1350
Toyota,Aygo,Toyota Aygo,2006,benzīns,4.6,144,1600
Volvo,XC 90,Volvo XC 90,2007,dīzelis,2.5,238,6300
Land Rover,Range Rover Evoque,Land Rover Range Rover Evoque,2012,dīzelis,2.2,150,16600
Renault,Megane,Renault Megane,2018,benzīns,1.8,26,33800
Bmw,X5,Bmw X5,2005,dīzelis,3.0,304,6100
Volvo,V70,Volvo V70,2012,dīzelis,2.0,239,8500
Volvo,XC 90,Volvo XC 90,2006,dīzelis,2.4,246,7300
Opel,Vectra,Opel Vectra,2005,dīzelis,1.9,359,1950
Bmw,535,Bmw 535,2007,dīzelis,3.0,344,5990
Toyota,Hilux,Toyota Hilux,2008,dīzelis,3.0,276,18500
Audi,A6,Audi A6,2006,dīzelis,2.7,295,4400
Volvo,V70,Volvo V70,2000,benzīns,2.3,289,1800
Volkswagen,Tiguan,Volkswagen Tiguan,2017,benzīns,1.4,94,21200
Bmw,730,Bmw 730,2005,dīzelis,3.0,408,5200
Audi,A6,Audi A6,2013,dīzelis,3.0,190,16000
Volkswagen,Touareg,Volkswagen Touareg,2006,dīzelis,3.0,260,6400
Peugeot,308,Peugeot 308,2018,dīzelis,1.5,133,14700
Citroen,C4,Citroen C4,2005,benzīns,1.6,153,1800
Chrysler,Grand Voyager,Chrysler Grand Voyager,2005,dīzelis,2.8,356,2190
Bmw,120,Bmw 120,2010,dīzelis,2.0,195,5400
Audi,A4,Audi A4,2005,dīzelis,2.0,154,4150
Bmw,320,Bmw 320,2012,dīzelis,2.0,282,7150
Honda,Cr-v,Honda Cr-v,2012,benzīns,2.0,121,11990
Honda,Cr-v,Honda Cr-v,2013,benzīns,2.0,101,14100
Volvo,S80,Volvo S80,2007,dīzelis,2.4,226,5500
Mercedes,ML350,Mercedes ML350,2010,dīzelis,3.0,69,17900
Volvo,S60,Volvo S60,2011,dīzelis,2.0,229,10100
Volvo,XC 60,Volvo XC 60,2014,dīzelis,2.4,152,22100
Audi,A4,Audi A4,2006,dīzelis,2.7,355,3400
Renault,Trafic,Renault Trafic,2003,dīzelis,2.5,364,2300
Audi,A4,Audi A4,2006,dīzelis,2.0,430,2850
Volkswagen,Golf 5,Volkswagen Golf 5,2008,dīzelis,2.0,345,2200
Volvo,V60,Volvo V60,2012,dīzelis,1.6,244,7850
Volkswagen,Golf 4,Volkswagen Golf 4,1999,dīzelis,1.9,203,1300
Volvo,XC 60,Volvo XC 60,2014,dīzelis,2.4,203,17990
Volkswagen,Golf 7,Volkswagen Golf 7,2017,dīzelis,1.6,200,12990
Bmw,630,Bmw 630,2018,dīzelis,3.0,174,36990
Toyota,Avensis,Toyota Avensis,2008,dīzelis,2.2,287,2300
Ford,Transit,Ford Transit,2005,dīzelis,2.5,206,2000
Volkswagen,Touareg,Volkswagen Touareg,2009,dīzelis,3.0,230,9300
Bmw,320,Bmw 320,2005,dīzelis,2.0,292,5300
Bmw,320,Bmw 320,2004,dīzelis,2.0,411,2450
Opel,Meriva,Opel Meriva,2007,dīzelis,1.7,231,2370
Chrysler,300C,Chrysler 300C,2006,dīzelis,3.0,32,2600
Bmw,316,Bmw 316,2002,benzīns,1.8,340,1700
Mercedes,B180,Mercedes B180,2007,dīzelis,2.0,195,3550
Land Rover,Discovery,Land Rover Discovery,1999,dīzelis,2.5,327,5000
Toyota,Auris,Toyota Auris,2010,dīzelis,2.0,222,4500
Opel,Zafira,Opel Zafira,2006,dīzelis,1.9,282,2000
Renault,Espace,Renault Espace,2008,dīzelis,2.0,242,3200
Audi,Q7,Audi Q7,2010,dīzelis,3.0,238,13500
Chevrolet,S-10,Chevrolet S-10,2003,benzīns,4.3,262,4500
Skoda,Superb,Skoda Superb,2016,dīzelis,1.6,207,15200
Renault,Master,Renault Master,2007,dīzelis,2.5,365,1600
Renault,Laguna,Renault Laguna,2009,dīzelis,1.5,344,3350
Lexus,RX,Lexus RX,2006,hibrīds,3.3,320,7000
Bmw,330,Bmw 330,2007,dīzelis,3.0,262,5100
Mercedes,R320,Mercedes R320,2006,dīzelis,3.0,381,6500
Volkswagen,Beetle,Volkswagen Beetle,1999,benzīns,2.0,346,950
Volkswagen,Golf 4,Volkswagen Golf 4,2000,dīzelis,1.9,291,2000
Isuzu,Citi,Isuzu Citi,2007,dīzelis,2.5,316,6950
Land Rover,Range Rover Evoque,Land Rover Range Rover Evoque,2016,dīzelis,2.0,76,26500
Volkswagen,Golf 4,Volkswagen Golf 4,2003,benzīns,1.6,301,1950
Toyota,Hilux,Toyota Hilux,2007,dīzelis,2.5,316,6950
Volkswagen,Eos,Volkswagen Eos,2007,benzīns,2.0,240,4490
Volkswagen,Tiguan,Volkswagen Tiguan,2008,dīzelis,2.0,194,6850
Bmw,320,Bmw 320,2014,dīzelis,2.0,229,11800
Volvo,S60,Volvo S60,2001,dīzelis,2.4,450,1350
Opel,Omega,Opel Omega,1998,benzīns,2.0,202,1000
Volkswagen,Golf 3,Volkswagen Golf 3,1997,benzīns,1.6,276,1499
Ford,KA,Ford KA,2009,benzīns,1.2,184,2200
Hyundai,i20,Hyundai i20,2012,benzīns,1.2,160,3100
Seat,Leon,Seat Leon,2013,dīzelis,2.0,165,7950
Audi,A4,Audi A4,2009,dīzelis,3.0,275,9300
Volkswagen,Golf 3,Volkswagen Golf 3,1996,benzīns,1.8,300,800
Honda,Accord,Honda Accord,1997,dīzelis,2.0,382,300
Bmw,X3,Bmw X3,2007,dīzelis,3.0,226,7390
Bmw,530,Bmw 530,2017,benzīns,2.0,44,44900
Bmw,120,Bmw 120,2008,dīzelis,2.0,246,6800
Bmw,525,Bmw 525,2009,dīzelis,3.0,314,6850
Porsche,Cayenne,Porsche Cayenne,2012,dīzelis,3.0,114,29999
Audi,A3,Audi A3,2006,dīzelis,2.0,293,3300
Toyota,RAV 4,Toyota RAV 4,2016,hibrīds,2.5,122,21600
Opel,Vectra,Opel Vectra,2004,dīzelis,2.2,250,800
Mitsubishi,Lancer,Mitsubishi Lancer,2008,benzīns,1.5,280,2400
Mercedes,CLK230,Mercedes CLK230,1998,benzīns,2.3,297,1450
Bmw,530,Bmw 530,2002,dīzelis,3.0,351,2700
Toyota,Avensis,Toyota Avensis,2003,dīzelis,2.0,303,1750
Mercedes,Sprinter,Mercedes Sprinter,2007,dīzelis,3.0,296,10200
Volvo,V70,Volvo V70,2002,benzīns,2.4,330,2000
Volvo,S60,Volvo S60,2006,dīzelis,2.4,312,3150
Lexus,GS,Lexus GS,2012,hibrīds,3.5,192,22000
Volvo,V50,Volvo V50,2008,dīzelis,2.0,322,3650
Toyota,C-HR,Toyota C-HR,2019,benzīns,1.2,111,19900
Volvo,S40,Volvo S40,2007,dīzelis,1.6,396,3750
Volvo,V50,Volvo V50,2007,dīzelis,1.6,259,3150
Mitsubishi,Montero Sport,Mitsubishi Montero Sport,2000,benzīns,3.5,345,3600
Nissan,350 Z,Nissan 350 Z,2005,benzīns,3.5,215,9900
